[
  {
    "icon": "fa fa-home",
    "slug": "external",
    "title": "Volver al inicio",
    "path": "index.html"
  },  
  { 
    "id": 1,
    "icon": "fa fa-file-text-o",
    "slug": "Construccion_de_contenido_digital",
    "title": "1. Construcción de contenido digital",
    "breadcrumb": ["Inicio","Tema 1"],
    "path": "pages/1-tema.html",
    "submenu": [
      {
        "icon": "fa fa-file-text-o",
        "slug": "Construccion_de_contenido_digital",
        "title": "1.1 Creación de imagen",
        "anchor": "11"
      },
      {
        "icon": "fa fa-file-text-o",
        "slug": "Construccion_de_contenido_digital",
        "title": "1.2 Creación de audio",
        "anchor": "12"
      },
      {
        "icon": "fa fa-file-text-o",
        "slug": "Construccion_de_contenido_digital",
        "title": "1.3 Creación de video",
        "anchor": "13"
      }
    ]
  },
  { 
    "id": 1,
    "icon": "fa fa-file-text-o",
    "slug": "Derechos_de_autor",
    "title": "2. Derechos de autor",
    "breadcrumb": ["Inicio","tema 2"],
    "path": "pages/2-tema.html",    
    "submenu": [
      {
        "icon": "fa fa-file-text-o",
        "slug": "Derechos_de_autor",
        "title": "2.1 Tipos de licencia",
        "anchor": "21"
      },
      {
        "icon": "fa fa-file-text-o",
        "slug": "Derechos_de_autor",
        "title": "2.2 Fuentes de contenido libre",
        "anchor": "22"
      },
      {
        "icon": "fa fa-file-text-o",
        "slug": "Derechos_de_autor",
        "title": "2.3 Atribución de derechos",
        "anchor": "23"
      }
    ]
  }
  
]